{
    "description": "A TinyPICO Helper Library", 
    "repository": {
        "url": "https://github.com/tinypico/tinypico-arduino", 
        "type": "git"
    }, 
    "platforms": [
        "atmelavr", 
        "atmelsam", 
        "espressif32", 
        "espressif8266", 
        "gd32v", 
        "infineonxmc", 
        "intel_arc32", 
        "kendryte210", 
        "microchippic32", 
        "nordicnrf51", 
        "nordicnrf52", 
        "ststm32", 
        "ststm8", 
        "teensy", 
        "timsp430"
    ], 
    "export": {
        "exclude": [
            "extras", 
            "docs", 
            "tests", 
            "test", 
            "*.doxyfile", 
            "*.pdf"
        ], 
        "include": "TinyPICO-Helper"
    }, 
    "authors": [
        {
            "maintainer": true, 
            "name": "UnexpectedMaker", 
            "url": null, 
            "email": null
        }
    ], 
    "keywords": [
        "uncategorized"
    ], 
    "id": 6813, 
    "name": "TinyPICO Helper Library", 
    "frameworks": [
        "arduino"
    ], 
    "version": "1.4.0", 
    "homepage": "https://github.com/inyPICO"
}